{
  "info": {
    "name": "3PL v1 API Testpack",
    "schema": "https://schema.getpostman.com/json/collection/v2.1.0/collection.json"
  },
  "variable": [
    {
      "key": "baseUrl",
      "value": "http://localhost:8080/api/v1"
    },
    {
      "key": "token_admin",
      "value": ""
    },
    {
      "key": "token_manager",
      "value": ""
    },
    {
      "key": "token_warehouse",
      "value": ""
    },
    {
      "key": "token_viewer_c1",
      "value": ""
    },
    {
      "key": "token_viewer_c2",
      "value": ""
    },
    {
      "key": "settlementId",
      "value": "24017"
    },
    {
      "key": "invoiceIdA",
      "value": ""
    },
    {
      "key": "invoiceIdB",
      "value": ""
    }
  ],
  "item": [
    {
      "name": "TC-013 Cancel After Shipped (Forbidden)",
      "request": {
        "method": "PATCH",
        "header": [
          {
            "key": "Authorization",
            "value": "Bearer {{token_warehouse}}"
          },
          {
            "key": "Content-Type",
            "value": "application/json"
          }
        ],
        "url": {
          "raw": "{{baseUrl}}/outbounds/22013/status",
          "host": [
            "{{baseUrl}}"
          ],
          "path": [
            "outbounds",
            "22013",
            "status"
          ]
        },
        "body": {
          "mode": "raw",
          "raw": "{\n  \"status\": \"cancelled\"\n}"
        }
      },
      "event": [
        {
          "listen": "test",
          "script": {
            "exec": [
              "pm.test('status is 422 or 409', function(){ pm.expect([409,422]).to.include(pm.response.code); });"
            ]
          }
        }
      ]
    },
    {
      "name": "TC-017 Modify Closed Settlement (Locked)",
      "request": {
        "method": "POST",
        "header": [
          {
            "key": "Authorization",
            "value": "Bearer {{token_manager}}"
          },
          {
            "key": "Content-Type",
            "value": "application/json"
          }
        ],
        "url": {
          "raw": "{{baseUrl}}/settlements/{{settlementId}}/manual-expenses",
          "host": [
            "{{baseUrl}}"
          ],
          "path": [
            "settlements",
            "{{settlementId}}",
            "manual-expenses"
          ]
        },
        "body": {
          "mode": "raw",
          "raw": "{\n  \"description\": \"locked test\",\n  \"currency\": \"THB\",\n  \"amount\": 99\n}"
        }
      },
      "event": [
        {
          "listen": "test",
          "script": {
            "exec": [
              "pm.test('closed settlement must reject', function(){ pm.expect([409,422]).to.include(pm.response.code); });"
            ]
          }
        }
      ]
    },
    {
      "name": "TC-018 Reopen Role/Reason Invalid",
      "item": [
        {
          "name": "TC-018A Reopen with warehouse token",
          "request": {
            "method": "POST",
            "header": [
              {
                "key": "Authorization",
                "value": "Bearer {{token_warehouse}}"
              },
              {
                "key": "Content-Type",
                "value": "application/json"
              }
            ],
            "url": {
              "raw": "{{baseUrl}}/settlements/{{settlementId}}/reopen",
              "host": [
                "{{baseUrl}}"
              ],
              "path": [
                "settlements",
                "{{settlementId}}",
                "reopen"
              ]
            },
            "body": {
              "mode": "raw",
              "raw": "{\n  \"reason\": \"need reopen\"\n}"
            }
          },
          "event": [
            {
              "listen": "test",
              "script": {
                "exec": [
                  "pm.test('forbidden for warehouse', function(){ pm.expect([401,403]).to.include(pm.response.code); });"
                ]
              }
            }
          ]
        },
        {
          "name": "TC-018B Reopen with short reason",
          "request": {
            "method": "POST",
            "header": [
              {
                "key": "Authorization",
                "value": "Bearer {{token_manager}}"
              },
              {
                "key": "Content-Type",
                "value": "application/json"
              }
            ],
            "url": {
              "raw": "{{baseUrl}}/settlements/{{settlementId}}/reopen",
              "host": [
                "{{baseUrl}}"
              ],
              "path": [
                "settlements",
                "{{settlementId}}",
                "reopen"
              ]
            },
            "body": {
              "mode": "raw",
              "raw": "{\n  \"reason\": \"x\"\n}"
            }
          },
          "event": [
            {
              "listen": "test",
              "script": {
                "exec": [
                  "pm.test('short reason rejected', function(){ pm.expect([400,422]).to.include(pm.response.code); });"
                ]
              }
            }
          ]
        }
      ]
    },
    {
      "name": "TC-019 Portal Row-level Filter",
      "item": [
        {
          "name": "TC-019A viewer_c1 requests own data",
          "request": {
            "method": "GET",
            "header": [
              {
                "key": "Authorization",
                "value": "Bearer {{token_viewer_c1}}"
              }
            ],
            "url": {
              "raw": "{{baseUrl}}/portal/outbounds?client_id=101",
              "host": [
                "{{baseUrl}}"
              ],
              "path": [
                "portal",
                "outbounds"
              ],
              "query": [
                {
                  "key": "client_id",
                  "value": "101"
                }
              ]
            }
          },
          "event": [
            {
              "listen": "test",
              "script": {
                "exec": [
                  "pm.test('success', function(){ pm.expect(pm.response.code).to.equal(200); });"
                ]
              }
            }
          ]
        },
        {
          "name": "TC-019B viewer_c1 requests other client",
          "request": {
            "method": "GET",
            "header": [
              {
                "key": "Authorization",
                "value": "Bearer {{token_viewer_c1}}"
              }
            ],
            "url": {
              "raw": "{{baseUrl}}/portal/outbounds?client_id=102",
              "host": [
                "{{baseUrl}}"
              ],
              "path": [
                "portal",
                "outbounds"
              ],
              "query": [
                {
                  "key": "client_id",
                  "value": "102"
                }
              ]
            }
          },
          "event": [
            {
              "listen": "test",
              "script": {
                "exec": [
                  "pm.test('must be forbidden or filtered', function(){ pm.expect([200,403]).to.include(pm.response.code); });"
                ]
              }
            }
          ]
        }
      ]
    },
    {
      "name": "TC-020 Concurrent Invoice Issue",
      "item": [
        {
          "name": "TC-020A issue invoice request A",
          "request": {
            "method": "POST",
            "header": [
              {
                "key": "Authorization",
                "value": "Bearer {{token_manager}}"
              },
              {
                "key": "Content-Type",
                "value": "application/json"
              }
            ],
            "url": {
              "raw": "{{baseUrl}}/invoices",
              "host": [
                "{{baseUrl}}"
              ],
              "path": [
                "invoices"
              ]
            },
            "body": {
              "mode": "raw",
              "raw": "{\n  \"settlement_batch_id\": 24020,\n  \"issue_date\": \"2026-06-30\",\n  \"due_date\": \"2026-07-10\"\n}"
            }
          },
          "event": [
            {
              "listen": "test",
              "script": {
                "exec": [
                  "if(pm.response.code===201){ const j=pm.response.json(); if(j.id){ pm.collectionVariables.set('invoiceIdA', String(j.id)); }} pm.test('created or conflict handled', function(){ pm.expect([201,409]).to.include(pm.response.code); });"
                ]
              }
            }
          ]
        },
        {
          "name": "TC-020B issue invoice request B",
          "request": {
            "method": "POST",
            "header": [
              {
                "key": "Authorization",
                "value": "Bearer {{token_manager}}"
              },
              {
                "key": "Content-Type",
                "value": "application/json"
              }
            ],
            "url": {
              "raw": "{{baseUrl}}/invoices",
              "host": [
                "{{baseUrl}}"
              ],
              "path": [
                "invoices"
              ]
            },
            "body": {
              "mode": "raw",
              "raw": "{\n  \"settlement_batch_id\": 24020,\n  \"issue_date\": \"2026-06-30\",\n  \"due_date\": \"2026-07-10\"\n}"
            }
          },
          "event": [
            {
              "listen": "test",
              "script": {
                "exec": [
                  "if(pm.response.code===201){ const j=pm.response.json(); if(j.id){ pm.collectionVariables.set('invoiceIdB', String(j.id)); }} pm.test('created or conflict handled', function(){ pm.expect([201,409]).to.include(pm.response.code); });"
                ]
              }
            }
          ]
        }
      ]
    }
  ]
}